"month","Forest","District","RAWS_station","snow_flag","mean_percent","se_percent"
"Jan","Klamath National Forest","Goosenest Ranger District","Juanita","no",7.79030910609858,2.13674018265391
"Jan","Klamath National Forest","Goosenest Ranger District","Juanita","yes",3.03648907214272,1.81301910313696
"Jan","Klamath National Forest","Goosenest Ranger District","Van Bremmer","no",8.81498465162854,1.80655610378332
"Jan","Klamath National Forest","Goosenest Ranger District","Van Bremmer","yes",0.806085875210299,0.463191735279097
"Jan","Klamath National Forest","Happy Oak Ranger District  - Happy Camp","Dutch Indy","no",0.586510263929619,0.393443045894391
"Jan","Klamath National Forest","Happy Oak Ranger District  - Happy Camp","Dutch Indy","yes",0,0
"Jan","Klamath National Forest","Happy Oak Ranger District  - Happy Camp","Slater Butte","no",5.12333965844402,2.21390168682695
"Jan","Klamath National Forest","Happy Oak Ranger District  - Happy Camp","Slater Butte","yes",0.94876660341556,0.664136622390892
"Jan","Klamath National Forest","Happy Oak Ranger District  - Oak Knoll","Collins Baldy","no",3.78544928629818,1.45007686679684
"Jan","Klamath National Forest","Happy Oak Ranger District  - Oak Knoll","Collins Baldy","yes",0.564184255940528,0.30678389653843
"Jan","Klamath National Forest","Happy Oak Ranger District  - Oak Knoll","Oak Knoll","no",6.54836014768103,1.92815939686132
"Jan","Klamath National Forest","Happy Oak Ranger District  - Oak Knoll","Oak Knoll","yes",3.43520090548953,1.49693208196302
"Jan","Klamath National Forest","Happy Oak Ranger District  - Oak Knoll","Somes Bar","no",2.41935483870968,0.998611592527242
"Jan","Klamath National Forest","Happy Oak Ranger District  - Oak Knoll","Somes Bar","yes",1.41129032258065,0.831271295487432
"Jan","Klamath National Forest","Salmon Scott River Ranger District - Salmon River","Blue Ridge","no",4.12153855160705,1.36532497213525
"Jan","Klamath National Forest","Salmon Scott River Ranger District - Salmon River","Blue Ridge","yes",0.33955857385399,0.233339311014016
"Jan","Klamath National Forest","Salmon Scott River Ranger District - Salmon River","Collins Baldy","no",3.78544928629818,1.45007686679684
"Jan","Klamath National Forest","Salmon Scott River Ranger District - Salmon River","Collins Baldy","yes",0.564184255940528,0.30678389653843
"Jan","Klamath National Forest","Salmon Scott River Ranger District - Salmon River","Sawyers Bar","no",5.77249575551783,2.66348537085458
"Jan","Klamath National Forest","Salmon Scott River Ranger District - Salmon River","Sawyers Bar","yes",1.86757215619694,1.38045398049241
"Jan","Klamath National Forest","Salmon Scott River Ranger District - Salmon River","Somes Bar","no",2.41935483870968,0.998611592527242
"Jan","Klamath National Forest","Salmon Scott River Ranger District - Salmon River","Somes Bar","yes",1.41129032258065,0.831271295487432
"Jan","Klamath National Forest","Salmon Scott River Ranger District - Scott River","Callahan 2","no",4.75947934352009,1.44585114656175
"Jan","Klamath National Forest","Salmon Scott River Ranger District - Scott River","Callahan 2","yes",0.509337860780985,0.371105745574533
"Jan","Klamath National Forest","Salmon Scott River Ranger District - Scott River","Quartz Hill","no",4.28720526236284,1.35467320245038
"Jan","Klamath National Forest","Salmon Scott River Ranger District - Scott River","Quartz Hill","yes",0.783410138248848,0.553635062701693
"Jan","Lake Tahoe Basin","Lake Tahoe Basin","Baron/Markleeville","no",20.1228878648233,2.52733690613504
"Feb","Klamath National Forest","Goosenest Ranger District","Juanita","no",17.581860330339,2.86651245122388
"Feb","Klamath National Forest","Goosenest Ranger District","Juanita","yes",7.35294117647059,2.34175386655546
"Feb","Klamath National Forest","Goosenest Ranger District","Van Bremmer","no",17.8634124496193,2.23333429893202
"Feb","Klamath National Forest","Goosenest Ranger District","Van Bremmer","yes",2.5,1.51301194831584
"Feb","Klamath National Forest","Happy Oak Ranger District  - Happy Camp","Dutch Indy","no",8.53448275862069,3.06499634386276
"Feb","Klamath National Forest","Happy Oak Ranger District  - Happy Camp","Dutch Indy","yes",4.63054187192118,2.87005415582893
"Feb","Klamath National Forest","Happy Oak Ranger District  - Happy Camp","Slater Butte","no",8.07060755336617,2.42466168510585
"Feb","Klamath National Forest","Happy Oak Ranger District  - Happy Camp","Slater Butte","yes",2.27272727272727,1.33641889718804
"Feb","Klamath National Forest","Happy Oak Ranger District  - Oak Knoll","Collins Baldy","no",8.94655273774048,1.9822276639918
"Feb","Klamath National Forest","Happy Oak Ranger District  - Oak Knoll","Collins Baldy","yes",1.26050420168067,1.05826899577783
"Feb","Klamath National Forest","Happy Oak Ranger District  - Oak Knoll","Oak Knoll","no",19.9425989081161,2.57205936979642
"Feb","Klamath National Forest","Happy Oak Ranger District  - Oak Knoll","Oak Knoll","yes",17.7666729821902,2.64141499455312
"Feb","Klamath National Forest","Happy Oak Ranger District  - Oak Knoll","Somes Bar","no",9.49096880131363,1.69658399968064
"Feb","Klamath National Forest","Happy Oak Ranger District  - Oak Knoll","Somes Bar","yes",8.07060755336617,1.53497445604452
"Feb","Klamath National Forest","Salmon Scott River Ranger District - Salmon River","Blue Ridge","no",7.24154694461208,1.61289380852311
"Feb","Klamath National Forest","Salmon Scott River Ranger District - Salmon River","Blue Ridge","yes",0.595238095238095,0.595238095238095
"Feb","Klamath National Forest","Salmon Scott River Ranger District - Salmon River","Collins Baldy","no",8.94655273774048,1.9822276639918
"Feb","Klamath National Forest","Salmon Scott River Ranger District - Salmon River","Collins Baldy","yes",1.26050420168067,1.05826899577783
"Feb","Klamath National Forest","Salmon Scott River Ranger District - Salmon River","Sawyers Bar","no",13.847837985769,2.55025736060613
"Feb","Klamath National Forest","Salmon Scott River Ranger District - Salmon River","Sawyers Bar","yes",9.11330049261084,2.25992804680501
"Feb","Klamath National Forest","Salmon Scott River Ranger District - Salmon River","Somes Bar","no",9.49096880131363,1.69658399968064
"Feb","Klamath National Forest","Salmon Scott River Ranger District - Salmon River","Somes Bar","yes",8.07060755336617,1.53497445604452
"Feb","Klamath National Forest","Salmon Scott River Ranger District - Scott River","Callahan 2","no",14.2125384865857,2.87016923761741
"Feb","Klamath National Forest","Salmon Scott River Ranger District - Scott River","Callahan 2","yes",4.41935559902892,1.99128578274027
"Feb","Klamath National Forest","Salmon Scott River Ranger District - Scott River","Quartz Hill","no",14.3732530560117,1.87436004065064
"Feb","Klamath National Forest","Salmon Scott River Ranger District - Scott River","Quartz Hill","yes",3.81481306050272,1.6377865535922
"Feb","Lake Tahoe Basin","Lake Tahoe Basin","Baron/Markleeville","no",32.054890921886,2.54447217026552
"Mar","Klamath National Forest","Goosenest Ranger District","Juanita","no",23.7128399746996,3.07730773581412
"Mar","Klamath National Forest","Goosenest Ranger District","Juanita","yes",14.123972169513,3.01657718515169
"Mar","Klamath National Forest","Goosenest Ranger District","Van Bremmer","no",19.9477367051241,2.80569125015752
"Mar","Klamath National Forest","Goosenest Ranger District","Van Bremmer","yes",4.59893709059449,1.46481599274252
"Mar","Klamath National Forest","Happy Oak Ranger District  - Happy Camp","Dutch Indy","no",10.6451612903226,3.1915746407862
"Mar","Klamath National Forest","Happy Oak Ranger District  - Happy Camp","Dutch Indy","yes",8.70967741935484,3.33333333333333
"Mar","Klamath National Forest","Happy Oak Ranger District  - Happy Camp","Slater Butte","no",11.6673648931713,2.59327362858067
"Mar","Klamath National Forest","Happy Oak Ranger District  - Happy Camp","Slater Butte","yes",1.57100963552576,0.914324054905778
"Mar","Klamath National Forest","Happy Oak Ranger District  - Oak Knoll","Collins Baldy","no",9.8805256869773,1.57787265850353
"Mar","Klamath National Forest","Happy Oak Ranger District  - Oak Knoll","Collins Baldy","yes",2.08728652751423,1.35344806619422
"Mar","Klamath National Forest","Happy Oak Ranger District  - Oak Knoll","Oak Knoll","no",30.9153933220147,3.61306102747366
"Mar","Klamath National Forest","Happy Oak Ranger District  - Oak Knoll","Oak Knoll","yes",29.7809847198642,3.58384548525322
"Mar","Klamath National Forest","Happy Oak Ranger District  - Oak Knoll","Somes Bar","no",13.9112903225806,2.19810465292484
"Mar","Klamath National Forest","Happy Oak Ranger District  - Oak Knoll","Somes Bar","yes",13.3064516129032,2.181398196631
"Mar","Klamath National Forest","Salmon Scott River Ranger District - Salmon River","Blue Ridge","no",7.26209950053436,1.72185365146285
"Mar","Klamath National Forest","Salmon Scott River Ranger District - Salmon River","Blue Ridge","yes",0.97493947523392,0.678060199226541
"Mar","Klamath National Forest","Salmon Scott River Ranger District - Salmon River","Collins Baldy","no",9.8805256869773,1.57787265850353
"Mar","Klamath National Forest","Salmon Scott River Ranger District - Salmon River","Collins Baldy","yes",2.08728652751423,1.35344806619422
"Mar","Klamath National Forest","Salmon Scott River Ranger District - Salmon River","Sawyers Bar","no",17.0250896057348,2.73278048409249
"Mar","Klamath National Forest","Salmon Scott River Ranger District - Salmon River","Sawyers Bar","yes",13.6200716845878,2.77905270912611
"Mar","Klamath National Forest","Salmon Scott River Ranger District - Salmon River","Somes Bar","no",13.9112903225806,2.19810465292484
"Mar","Klamath National Forest","Salmon Scott River Ranger District - Salmon River","Somes Bar","yes",13.3064516129032,2.181398196631
"Mar","Klamath National Forest","Salmon Scott River Ranger District - Scott River","Callahan 2","no",21.4846724103386,2.9513435040045
"Mar","Klamath National Forest","Salmon Scott River Ranger District - Scott River","Callahan 2","yes",9.33179723502304,2.24515184152582
"Mar","Klamath National Forest","Salmon Scott River Ranger District - Scott River","Quartz Hill","no",22.5215053763441,2.50234295162537
"Mar","Klamath National Forest","Salmon Scott River Ranger District - Scott River","Quartz Hill","yes",12.6720430107527,2.76400425641608
"Mar","Lake Tahoe Basin","Lake Tahoe Basin","Baron/Markleeville","no",36.8663594470046,3.84638526130535
"Apr","Klamath National Forest","Goosenest Ranger District","Juanita","no",27.9716024340771,3.24903222981264
"Apr","Klamath National Forest","Goosenest Ranger District","Juanita","yes",24.6112237998648,3.30273608311118
"Apr","Klamath National Forest","Goosenest Ranger District","Van Bremmer","no",22.4468253968254,2.65879369367595
"Apr","Klamath National Forest","Goosenest Ranger District","Van Bremmer","yes",15.6134920634921,2.65407109955501
"Apr","Klamath National Forest","Happy Oak Ranger District  - Happy Camp","Dutch Indy","no",16.6666666666667,2.72165526975909
"Apr","Klamath National Forest","Happy Oak Ranger District  - Happy Camp","Dutch Indy","yes",14,2.97313070227992
"Apr","Klamath National Forest","Happy Oak Ranger District  - Happy Camp","Slater Butte","no",13.6475095785441,2.81397363815724
"Apr","Klamath National Forest","Happy Oak Ranger District  - Happy Camp","Slater Butte","yes",4.88888888888889,1.68612974284311
"Apr","Klamath National Forest","Happy Oak Ranger District  - Oak Knoll","Collins Baldy","no",14.2656449553001,2.0468920102697
"Apr","Klamath National Forest","Happy Oak Ranger District  - Oak Knoll","Collins Baldy","yes",7.84313725490196,1.93736008287936
"Apr","Klamath National Forest","Happy Oak Ranger District  - Oak Knoll","Oak Knoll","no",36.3366174055829,3.47175884236896
"Apr","Klamath National Forest","Happy Oak Ranger District  - Oak Knoll","Oak Knoll","yes",35.8366174055829,3.62807544412763
"Apr","Klamath National Forest","Happy Oak Ranger District  - Oak Knoll","Somes Bar","no",22.3635057471264,3.14637840894994
"Apr","Klamath National Forest","Happy Oak Ranger District  - Oak Knoll","Somes Bar","yes",22.3635057471264,3.14637840894994
"Apr","Klamath National Forest","Salmon Scott River Ranger District - Salmon River","Blue Ridge","no",10.3129527673138,2.18920839668388
"Apr","Klamath National Forest","Salmon Scott River Ranger District - Salmon River","Blue Ridge","yes",3.33333333333333,1.51247535495505
"Apr","Klamath National Forest","Salmon Scott River Ranger District - Salmon River","Collins Baldy","no",14.2656449553001,2.0468920102697
"Apr","Klamath National Forest","Salmon Scott River Ranger District - Salmon River","Collins Baldy","yes",7.84313725490196,1.93736008287936
"Apr","Klamath National Forest","Salmon Scott River Ranger District - Salmon River","Sawyers Bar","no",24.7380952380952,3.10658705982653
"Apr","Klamath National Forest","Salmon Scott River Ranger District - Salmon River","Sawyers Bar","yes",23.5714285714286,3.28255269053364
"Apr","Klamath National Forest","Salmon Scott River Ranger District - Salmon River","Somes Bar","no",22.3635057471264,3.14637840894994
"Apr","Klamath National Forest","Salmon Scott River Ranger District - Salmon River","Somes Bar","yes",22.3635057471264,3.14637840894994
"Apr","Klamath National Forest","Salmon Scott River Ranger District - Scott River","Callahan 2","no",23.6631400208986,2.9815267404069
"Apr","Klamath National Forest","Salmon Scott River Ranger District - Scott River","Callahan 2","yes",19.7237460815047,2.91040657658916
"Apr","Klamath National Forest","Salmon Scott River Ranger District - Scott River","Quartz Hill","no",25.9363711001642,3.09956432741796
"Apr","Klamath National Forest","Salmon Scott River Ranger District - Scott River","Quartz Hill","yes",21.9207717569787,3.37005644835811
"Apr","Lake Tahoe Basin","Lake Tahoe Basin","Baron/Markleeville","no",43.968253968254,2.67873309329892
"May","Klamath National Forest","Goosenest Ranger District","Juanita","no",26.3675778598156,2.19760269235076
"May","Klamath National Forest","Goosenest Ranger District","Juanita","yes",26.5467893293497,2.27811400943503
"May","Klamath National Forest","Goosenest Ranger District","Van Bremmer","no",20.6396359711849,2.70261371433126
"May","Klamath National Forest","Goosenest Ranger District","Van Bremmer","yes",20.6396359711849,2.70261371433126
"May","Klamath National Forest","Happy Oak Ranger District  - Happy Camp","Dutch Indy","no",25.1612903225806,4.50587673973268
"May","Klamath National Forest","Happy Oak Ranger District  - Happy Camp","Dutch Indy","yes",25.1612903225806,4.50587673973268
"May","Klamath National Forest","Happy Oak Ranger District  - Happy Camp","Slater Butte","no",15.2088613305119,2.66066860770878
"May","Klamath National Forest","Happy Oak Ranger District  - Happy Camp","Slater Butte","yes",12.152834165826,2.11733900449382
"May","Klamath National Forest","Happy Oak Ranger District  - Oak Knoll","Collins Baldy","no",18.7508296827293,2.86467310955264
"May","Klamath National Forest","Happy Oak Ranger District  - Oak Knoll","Collins Baldy","yes",18.3484433199803,2.95189309376196
"May","Klamath National Forest","Happy Oak Ranger District  - Oak Knoll","Oak Knoll","no",33.014888337469,3.27493008279759
"May","Klamath National Forest","Happy Oak Ranger District  - Oak Knoll","Oak Knoll","yes",33.014888337469,3.27493008279759
"May","Klamath National Forest","Happy Oak Ranger District  - Oak Knoll","Somes Bar","no",24.7700119474313,3.88436582588502
"May","Klamath National Forest","Happy Oak Ranger District  - Oak Knoll","Somes Bar","yes",24.7700119474313,3.88436582588502
"May","Klamath National Forest","Salmon Scott River Ranger District - Salmon River","Blue Ridge","no",15.2867383512545,3.00907368120696
"May","Klamath National Forest","Salmon Scott River Ranger District - Salmon River","Blue Ridge","yes",10.8064516129032,2.87748917602813
"May","Klamath National Forest","Salmon Scott River Ranger District - Salmon River","Collins Baldy","no",18.7508296827293,2.86467310955264
"May","Klamath National Forest","Salmon Scott River Ranger District - Salmon River","Collins Baldy","yes",18.3484433199803,2.95189309376196
"May","Klamath National Forest","Salmon Scott River Ranger District - Salmon River","Sawyers Bar","no",26.2903225806452,2.90676072290335
"May","Klamath National Forest","Salmon Scott River Ranger District - Salmon River","Sawyers Bar","yes",26.2903225806452,2.90676072290335
"May","Klamath National Forest","Salmon Scott River Ranger District - Salmon River","Somes Bar","no",24.7700119474313,3.88436582588502
"May","Klamath National Forest","Salmon Scott River Ranger District - Salmon River","Somes Bar","yes",24.7700119474313,3.88436582588502
"May","Klamath National Forest","Salmon Scott River Ranger District - Scott River","Callahan 2","no",20.3987176918453,2.76011646240146
"May","Klamath National Forest","Salmon Scott River Ranger District - Scott River","Callahan 2","yes",20.3987176918453,2.76011646240146
"May","Klamath National Forest","Salmon Scott River Ranger District - Scott River","Quartz Hill","no",28.6152868266328,3.35083423078398
"May","Klamath National Forest","Salmon Scott River Ranger District - Scott River","Quartz Hill","yes",28.7819534932994,3.34987783379865
"May","Lake Tahoe Basin","Lake Tahoe Basin","Baron/Markleeville","no",44.3932411674347,4.34447057223698
"Jun","Klamath National Forest","Goosenest Ranger District","Juanita","no",20.4333333333333,2.54561887143313
"Jun","Klamath National Forest","Goosenest Ranger District","Juanita","yes",20.6833333333333,2.55563532802013
"Jun","Klamath National Forest","Goosenest Ranger District","Van Bremmer","no",19.1521739130435,2.59363554811771
"Jun","Klamath National Forest","Goosenest Ranger District","Van Bremmer","yes",19.3188405797101,2.65744142681128
"Jun","Klamath National Forest","Happy Oak Ranger District  - Happy Camp","Dutch Indy","no",16.3333333333333,3.92679934379384
"Jun","Klamath National Forest","Happy Oak Ranger District  - Happy Camp","Dutch Indy","yes",16.3333333333333,3.92679934379384
"Jun","Klamath National Forest","Happy Oak Ranger District  - Happy Camp","Slater Butte","no",16.140350877193,2.42178704571329
"Jun","Klamath National Forest","Happy Oak Ranger District  - Happy Camp","Slater Butte","yes",16.140350877193,2.42178704571329
"Jun","Klamath National Forest","Happy Oak Ranger District  - Oak Knoll","Collins Baldy","no",18.3333333333333,2.61621667446084
"Jun","Klamath National Forest","Happy Oak Ranger District  - Oak Knoll","Collins Baldy","yes",19.6078431372549,2.60219792940921
"Jun","Klamath National Forest","Happy Oak Ranger District  - Oak Knoll","Oak Knoll","no",22.9525373367738,2.77647211245508
"Jun","Klamath National Forest","Happy Oak Ranger District  - Oak Knoll","Oak Knoll","yes",22.9525373367738,2.77647211245508
"Jun","Klamath National Forest","Happy Oak Ranger District  - Oak Knoll","Somes Bar","no",20.9303830227743,3.1496242518648
"Jun","Klamath National Forest","Happy Oak Ranger District  - Oak Knoll","Somes Bar","yes",20.9303830227743,3.1496242518648
"Jun","Klamath National Forest","Salmon Scott River Ranger District - Salmon River","Blue Ridge","no",15.3703703703704,2.9414387037136
"Jun","Klamath National Forest","Salmon Scott River Ranger District - Salmon River","Blue Ridge","yes",15.3703703703704,2.9414387037136
"Jun","Klamath National Forest","Salmon Scott River Ranger District - Salmon River","Collins Baldy","no",18.3333333333333,2.61621667446084
"Jun","Klamath National Forest","Salmon Scott River Ranger District - Salmon River","Collins Baldy","yes",19.6078431372549,2.60219792940921
"Jun","Klamath National Forest","Salmon Scott River Ranger District - Salmon River","Sawyers Bar","no",20.462962962963,3.18886353180936
"Jun","Klamath National Forest","Salmon Scott River Ranger District - Salmon River","Sawyers Bar","yes",20.462962962963,3.18886353180936
"Jun","Klamath National Forest","Salmon Scott River Ranger District - Salmon River","Somes Bar","no",20.9303830227743,3.1496242518648
"Jun","Klamath National Forest","Salmon Scott River Ranger District - Salmon River","Somes Bar","yes",20.9303830227743,3.1496242518648
"Jun","Klamath National Forest","Salmon Scott River Ranger District - Scott River","Callahan 2","no",16.5755336617406,2.4226477011839
"Jun","Klamath National Forest","Salmon Scott River Ranger District - Scott River","Callahan 2","yes",16.5755336617406,2.4226477011839
"Jun","Klamath National Forest","Salmon Scott River Ranger District - Scott River","Quartz Hill","no",21.5638439283759,3.38870514135675
"Jun","Klamath National Forest","Salmon Scott River Ranger District - Scott River","Quartz Hill","yes",21.7225740871061,3.45064853355576
"Jun","Lake Tahoe Basin","Lake Tahoe Basin","Baron/Markleeville","no",28.5714285714286,4.36175919906838
"Jul","Klamath National Forest","Goosenest Ranger District","Juanita","no",7.9082578526405,2.2469476635882
"Jul","Klamath National Forest","Goosenest Ranger District","Juanita","yes",7.9082578526405,2.2469476635882
"Jul","Klamath National Forest","Goosenest Ranger District","Van Bremmer","no",7.74193548387097,2.54646292146046
"Jul","Klamath National Forest","Goosenest Ranger District","Van Bremmer","yes",7.74193548387097,2.54646292146046
"Jul","Klamath National Forest","Happy Oak Ranger District  - Happy Camp","Dutch Indy","no",6.7741935483871,2.32864600297932
"Jul","Klamath National Forest","Happy Oak Ranger District  - Happy Camp","Dutch Indy","yes",6.7741935483871,2.32864600297932
"Jul","Klamath National Forest","Happy Oak Ranger District  - Happy Camp","Slater Butte","no",5.94227504244482,1.89903358636814
"Jul","Klamath National Forest","Happy Oak Ranger District  - Happy Camp","Slater Butte","yes",5.94227504244482,1.89903358636814
"Jul","Klamath National Forest","Happy Oak Ranger District  - Oak Knoll","Collins Baldy","no",3.76344086021505,1.31045852973439
"Jul","Klamath National Forest","Happy Oak Ranger District  - Oak Knoll","Collins Baldy","yes",3.76344086021505,1.31045852973439
"Jul","Klamath National Forest","Happy Oak Ranger District  - Oak Knoll","Oak Knoll","no",6.75883256528418,2.23606533938745
"Jul","Klamath National Forest","Happy Oak Ranger District  - Oak Knoll","Oak Knoll","yes",6.75883256528418,2.23606533938745
"Jul","Klamath National Forest","Happy Oak Ranger District  - Oak Knoll","Somes Bar","no",4.43548387096774,1.37727832875801
"Jul","Klamath National Forest","Happy Oak Ranger District  - Oak Knoll","Somes Bar","yes",4.43548387096774,1.37727832875801
"Jul","Klamath National Forest","Salmon Scott River Ranger District - Salmon River","Blue Ridge","no",5.09337860780985,1.94732886633676
"Jul","Klamath National Forest","Salmon Scott River Ranger District - Salmon River","Blue Ridge","yes",5.09337860780985,1.94732886633676
"Jul","Klamath National Forest","Salmon Scott River Ranger District - Salmon River","Collins Baldy","no",3.76344086021505,1.31045852973439
"Jul","Klamath National Forest","Salmon Scott River Ranger District - Salmon River","Collins Baldy","yes",3.76344086021505,1.31045852973439
"Jul","Klamath National Forest","Salmon Scott River Ranger District - Salmon River","Sawyers Bar","no",7.35817575083426,2.17337739168002
"Jul","Klamath National Forest","Salmon Scott River Ranger District - Salmon River","Sawyers Bar","yes",7.35817575083426,2.17337739168002
"Jul","Klamath National Forest","Salmon Scott River Ranger District - Salmon River","Somes Bar","no",4.43548387096774,1.37727832875801
"Jul","Klamath National Forest","Salmon Scott River Ranger District - Salmon River","Somes Bar","yes",4.43548387096774,1.37727832875801
"Jul","Klamath National Forest","Salmon Scott River Ranger District - Scott River","Callahan 2","no",4.70967741935484,1.64491159595195
"Jul","Klamath National Forest","Salmon Scott River Ranger District - Scott River","Callahan 2","yes",4.70967741935484,1.64491159595195
"Jul","Klamath National Forest","Salmon Scott River Ranger District - Scott River","Quartz Hill","no",7.88536083864226,2.20129703348926
"Jul","Klamath National Forest","Salmon Scott River Ranger District - Scott River","Quartz Hill","yes",7.94401186503522,2.2408318569557
"Jul","Lake Tahoe Basin","Lake Tahoe Basin","Baron/Markleeville","no",15.668202764977,3.90845718592885
"Aug","Klamath National Forest","Goosenest Ranger District","Juanita","no",6.17319508448541,3.88280231455791
"Aug","Klamath National Forest","Goosenest Ranger District","Juanita","yes",6.17319508448541,3.88280231455791
"Aug","Klamath National Forest","Goosenest Ranger District","Van Bremmer","no",3.54838709677419,1.65314816166171
"Aug","Klamath National Forest","Goosenest Ranger District","Van Bremmer","yes",3.54838709677419,1.65314816166171
"Aug","Klamath National Forest","Happy Oak Ranger District  - Happy Camp","Dutch Indy","no",6.12903225806452,3.67641311769436
"Aug","Klamath National Forest","Happy Oak Ranger District  - Happy Camp","Dutch Indy","yes",6.12903225806452,3.67641311769436
"Aug","Klamath National Forest","Happy Oak Ranger District  - Happy Camp","Slater Butte","no",2.37691001697793,1.20451593966003
"Aug","Klamath National Forest","Happy Oak Ranger District  - Happy Camp","Slater Butte","yes",2.37691001697793,1.20451593966003
"Aug","Klamath National Forest","Happy Oak Ranger District  - Oak Knoll","Collins Baldy","no",4.12186379928315,2.08315621136938
"Aug","Klamath National Forest","Happy Oak Ranger District  - Oak Knoll","Collins Baldy","yes",4.12186379928315,2.08315621136938
"Aug","Klamath National Forest","Happy Oak Ranger District  - Oak Knoll","Oak Knoll","no",5.22273425499232,2.61948678922178
"Aug","Klamath National Forest","Happy Oak Ranger District  - Oak Knoll","Oak Knoll","yes",5.22273425499232,2.61948678922178
"Aug","Klamath National Forest","Happy Oak Ranger District  - Oak Knoll","Somes Bar","no",3.83064516129032,2.00196638504942
"Aug","Klamath National Forest","Happy Oak Ranger District  - Oak Knoll","Somes Bar","yes",3.83064516129032,2.00196638504942
"Aug","Klamath National Forest","Salmon Scott River Ranger District - Salmon River","Blue Ridge","no",3.90492359932088,1.77164412478761
"Aug","Klamath National Forest","Salmon Scott River Ranger District - Salmon River","Blue Ridge","yes",3.90492359932088,1.77164412478761
"Aug","Klamath National Forest","Salmon Scott River Ranger District - Salmon River","Collins Baldy","no",4.12186379928315,2.08315621136938
"Aug","Klamath National Forest","Salmon Scott River Ranger District - Salmon River","Collins Baldy","yes",4.12186379928315,2.08315621136938
"Aug","Klamath National Forest","Salmon Scott River Ranger District - Salmon River","Sawyers Bar","no",4.51612903225806,2.00497764933576
"Aug","Klamath National Forest","Salmon Scott River Ranger District - Salmon River","Sawyers Bar","yes",4.51612903225806,2.00497764933576
"Aug","Klamath National Forest","Salmon Scott River Ranger District - Salmon River","Somes Bar","no",3.83064516129032,2.00196638504942
"Aug","Klamath National Forest","Salmon Scott River Ranger District - Salmon River","Somes Bar","yes",3.83064516129032,2.00196638504942
"Aug","Klamath National Forest","Salmon Scott River Ranger District - Scott River","Callahan 2","no",2.41935483870968,1.27913229119158
"Aug","Klamath National Forest","Salmon Scott River Ranger District - Scott River","Callahan 2","yes",2.41935483870968,1.27913229119158
"Aug","Klamath National Forest","Salmon Scott River Ranger District - Scott River","Quartz Hill","no",7.24340175953079,2.91721306474879
"Aug","Klamath National Forest","Salmon Scott River Ranger District - Scott River","Quartz Hill","yes",7.60703812316716,3.12678606796041
"Aug","Lake Tahoe Basin","Lake Tahoe Basin","Baron/Markleeville","no",7.21966205837174,2.7254384167394
"Sep","Klamath National Forest","Goosenest Ranger District","Juanita","no",7.77777777777778,2.0487876571762
"Sep","Klamath National Forest","Goosenest Ranger District","Juanita","yes",7.77777777777778,2.0487876571762
"Sep","Klamath National Forest","Goosenest Ranger District","Van Bremmer","no",11.0344827586207,2.92877390495629
"Sep","Klamath National Forest","Goosenest Ranger District","Van Bremmer","yes",11.0344827586207,2.92877390495629
"Sep","Klamath National Forest","Happy Oak Ranger District  - Happy Camp","Dutch Indy","no",6,2.03670030886926
"Sep","Klamath National Forest","Happy Oak Ranger District  - Happy Camp","Dutch Indy","yes",6,2.03670030886926
"Sep","Klamath National Forest","Happy Oak Ranger District  - Happy Camp","Slater Butte","no",8.62835249042146,2.47837781545083
"Sep","Klamath National Forest","Happy Oak Ranger District  - Happy Camp","Slater Butte","yes",8.62835249042146,2.47837781545083
"Sep","Klamath National Forest","Happy Oak Ranger District  - Oak Knoll","Collins Baldy","no",8.51851851851852,2.6296756570276
"Sep","Klamath National Forest","Happy Oak Ranger District  - Oak Knoll","Collins Baldy","yes",8.51851851851852,2.6296756570276
"Sep","Klamath National Forest","Happy Oak Ranger District  - Oak Knoll","Oak Knoll","no",9.60591133004926,2.20852332723743
"Sep","Klamath National Forest","Happy Oak Ranger District  - Oak Knoll","Oak Knoll","yes",9.60591133004926,2.20852332723743
"Sep","Klamath National Forest","Happy Oak Ranger District  - Oak Knoll","Somes Bar","no",9.79166666666667,3.13977986371538
"Sep","Klamath National Forest","Happy Oak Ranger District  - Oak Knoll","Somes Bar","yes",9.79166666666667,3.13977986371538
"Sep","Klamath National Forest","Salmon Scott River Ranger District - Salmon River","Blue Ridge","no",8.07017543859649,2.16769040852054
"Sep","Klamath National Forest","Salmon Scott River Ranger District - Salmon River","Blue Ridge","yes",8.07017543859649,2.16769040852054
"Sep","Klamath National Forest","Salmon Scott River Ranger District - Salmon River","Collins Baldy","no",8.51851851851852,2.6296756570276
"Sep","Klamath National Forest","Salmon Scott River Ranger District - Salmon River","Collins Baldy","yes",8.51851851851852,2.6296756570276
"Sep","Klamath National Forest","Salmon Scott River Ranger District - Salmon River","Sawyers Bar","no",8.83333333333333,1.92361440981835
"Sep","Klamath National Forest","Salmon Scott River Ranger District - Salmon River","Sawyers Bar","yes",8.83333333333333,1.92361440981835
"Sep","Klamath National Forest","Salmon Scott River Ranger District - Salmon River","Somes Bar","no",9.79166666666667,3.13977986371538
"Sep","Klamath National Forest","Salmon Scott River Ranger District - Salmon River","Somes Bar","yes",9.79166666666667,3.13977986371538
"Sep","Klamath National Forest","Salmon Scott River Ranger District - Scott River","Callahan 2","no",11.8333333333333,3.06341360641631
"Sep","Klamath National Forest","Salmon Scott River Ranger District - Scott River","Callahan 2","yes",11.8333333333333,3.06341360641631
"Sep","Klamath National Forest","Salmon Scott River Ranger District - Scott River","Quartz Hill","no",11.5673981191223,2.91816454335354
"Sep","Klamath National Forest","Salmon Scott River Ranger District - Scott River","Quartz Hill","yes",11.6509926854754,2.97576664720471
"Sep","Lake Tahoe Basin","Lake Tahoe Basin","Baron/Markleeville","no",10.7936507936508,2.53968253968254
"Oct","Klamath National Forest","Goosenest Ranger District","Juanita","no",12.7598566308244,2.64651110279208
"Oct","Klamath National Forest","Goosenest Ranger District","Juanita","yes",12.2990271377368,2.66658486601405
"Oct","Klamath National Forest","Goosenest Ranger District","Van Bremmer","no",17.4193548387097,3.1082131685689
"Oct","Klamath National Forest","Goosenest Ranger District","Van Bremmer","yes",17.258064516129,3.12468849425027
"Oct","Klamath National Forest","Happy Oak Ranger District  - Happy Camp","Dutch Indy","no",11.6129032258065,3.57274144641638
"Oct","Klamath National Forest","Happy Oak Ranger District  - Happy Camp","Dutch Indy","yes",11.6129032258065,3.57274144641638
"Oct","Klamath National Forest","Happy Oak Ranger District  - Happy Camp","Slater Butte","no",14.2795698924731,2.92972043569073
"Oct","Klamath National Forest","Happy Oak Ranger District  - Happy Camp","Slater Butte","yes",14.2795698924731,2.92972043569073
"Oct","Klamath National Forest","Happy Oak Ranger District  - Oak Knoll","Collins Baldy","no",11.4695340501792,1.82967181949379
"Oct","Klamath National Forest","Happy Oak Ranger District  - Oak Knoll","Collins Baldy","yes",11.2903225806452,1.84867523664459
"Oct","Klamath National Forest","Happy Oak Ranger District  - Oak Knoll","Oak Knoll","no",19.242191500256,3.34685393761406
"Oct","Klamath National Forest","Happy Oak Ranger District  - Oak Knoll","Oak Knoll","yes",19.242191500256,3.34685393761406
"Oct","Klamath National Forest","Happy Oak Ranger District  - Oak Knoll","Somes Bar","no",13.3064516129032,2.47910099176442
"Oct","Klamath National Forest","Happy Oak Ranger District  - Oak Knoll","Somes Bar","yes",13.3064516129032,2.47910099176442
"Oct","Klamath National Forest","Salmon Scott River Ranger District - Salmon River","Blue Ridge","no",11.2054329371817,1.7680248275963
"Oct","Klamath National Forest","Salmon Scott River Ranger District - Salmon River","Blue Ridge","yes",10.8658743633277,1.81627691407824
"Oct","Klamath National Forest","Salmon Scott River Ranger District - Salmon River","Collins Baldy","no",11.4695340501792,1.82967181949379
"Oct","Klamath National Forest","Salmon Scott River Ranger District - Salmon River","Collins Baldy","yes",11.2903225806452,1.84867523664459
"Oct","Klamath National Forest","Salmon Scott River Ranger District - Salmon River","Sawyers Bar","no",16.6685205784205,2.95353279097165
"Oct","Klamath National Forest","Salmon Scott River Ranger District - Salmon River","Sawyers Bar","yes",16.6685205784205,2.95353279097165
"Oct","Klamath National Forest","Salmon Scott River Ranger District - Salmon River","Somes Bar","no",13.3064516129032,2.47910099176442
"Oct","Klamath National Forest","Salmon Scott River Ranger District - Salmon River","Somes Bar","yes",13.3064516129032,2.47910099176442
"Oct","Klamath National Forest","Salmon Scott River Ranger District - Scott River","Callahan 2","no",15.9677419354839,2.28668498044481
"Oct","Klamath National Forest","Salmon Scott River Ranger District - Scott River","Callahan 2","yes",15.8064516129032,2.2556377937556
"Oct","Klamath National Forest","Salmon Scott River Ranger District - Scott River","Quartz Hill","no",17.9441804024674,3.48724171517504
"Oct","Klamath National Forest","Salmon Scott River Ranger District - Scott River","Quartz Hill","yes",17.9441804024674,3.48724171517504
"Oct","Lake Tahoe Basin","Lake Tahoe Basin","Baron/Markleeville","no",28.2642089093702,3.63669450130621
"Nov","Klamath National Forest","Goosenest Ranger District","Juanita","no",12.1541950113379,2.55246620657087
"Nov","Klamath National Forest","Goosenest Ranger District","Juanita","yes",8.55379188712522,1.7192194265448
"Nov","Klamath National Forest","Goosenest Ranger District","Van Bremmer","no",10,1.90413523525826
"Nov","Klamath National Forest","Goosenest Ranger District","Van Bremmer","yes",5.5,1.23957642265507
"Nov","Klamath National Forest","Happy Oak Ranger District  - Happy Camp","Dutch Indy","no",2.66666666666667,0.666666666666667
"Nov","Klamath National Forest","Happy Oak Ranger District  - Happy Camp","Dutch Indy","yes",2.66666666666667,0.666666666666667
"Nov","Klamath National Forest","Happy Oak Ranger District  - Happy Camp","Slater Butte","no",6.44622331691297,2.06147941267485
"Nov","Klamath National Forest","Happy Oak Ranger District  - Happy Camp","Slater Butte","yes",3.58908045977011,0.960969855878945
"Nov","Klamath National Forest","Happy Oak Ranger District  - Oak Knoll","Collins Baldy","no",6.51979565772669,1.40885045392276
"Nov","Klamath National Forest","Happy Oak Ranger District  - Oak Knoll","Collins Baldy","yes",3.72924648786718,0.864717950564807
"Nov","Klamath National Forest","Happy Oak Ranger District  - Oak Knoll","Oak Knoll","no",9.83495431771294,2.17309471363103
"Nov","Klamath National Forest","Happy Oak Ranger District  - Oak Knoll","Oak Knoll","yes",9.13686014135789,2.172795037426
"Nov","Klamath National Forest","Happy Oak Ranger District  - Oak Knoll","Somes Bar","no",3.14814814814815,1.15796282969359
"Nov","Klamath National Forest","Happy Oak Ranger District  - Oak Knoll","Somes Bar","yes",2.73148148148148,0.873762106913969
"Nov","Klamath National Forest","Salmon Scott River Ranger District - Salmon River","Blue Ridge","no",7.12859735545761,1.71290451555163
"Nov","Klamath National Forest","Salmon Scott River Ranger District - Salmon River","Blue Ridge","yes",3.57661394866477,0.857820619962114
"Nov","Klamath National Forest","Salmon Scott River Ranger District - Salmon River","Collins Baldy","no",6.51979565772669,1.40885045392276
"Nov","Klamath National Forest","Salmon Scott River Ranger District - Salmon River","Collins Baldy","yes",3.72924648786718,0.864717950564807
"Nov","Klamath National Forest","Salmon Scott River Ranger District - Salmon River","Sawyers Bar","no",7.53448275862069,2.64543295084636
"Nov","Klamath National Forest","Salmon Scott River Ranger District - Salmon River","Sawyers Bar","yes",7.36206896551724,2.60562682534771
"Nov","Klamath National Forest","Salmon Scott River Ranger District - Salmon River","Somes Bar","no",3.14814814814815,1.15796282969359
"Nov","Klamath National Forest","Salmon Scott River Ranger District - Salmon River","Somes Bar","yes",2.73148148148148,0.873762106913969
"Nov","Klamath National Forest","Salmon Scott River Ranger District - Scott River","Callahan 2","no",8.83333333333333,2.19349116906632
"Nov","Klamath National Forest","Salmon Scott River Ranger District - Scott River","Callahan 2","yes",8.66666666666667,2.16835292006742
"Nov","Klamath National Forest","Salmon Scott River Ranger District - Scott River","Quartz Hill","no",9.0073220637484,1.49193977218856
"Nov","Klamath National Forest","Salmon Scott River Ranger District - Scott River","Quartz Hill","yes",8.55277660920294,1.39637869978416
"Nov","Lake Tahoe Basin","Lake Tahoe Basin","Baron/Markleeville","no",29.6825396825397,2.71098843631603
"Dec","Klamath National Forest","Goosenest Ranger District","Juanita","no",8.51528783556433,1.78702123074391
"Dec","Klamath National Forest","Goosenest Ranger District","Juanita","yes",2.89554531490015,1.21707238280902
"Dec","Klamath National Forest","Goosenest Ranger District","Van Bremmer","no",8.00299070599404,1.37991301619275
"Dec","Klamath National Forest","Goosenest Ranger District","Van Bremmer","yes",2.31942695791417,0.973534046394078
"Dec","Klamath National Forest","Happy Oak Ranger District  - Happy Camp","Dutch Indy","no",1.29032258064516,0.860215053763441
"Dec","Klamath National Forest","Happy Oak Ranger District  - Happy Camp","Dutch Indy","yes",0.645161290322581,0.645161290322581
"Dec","Klamath National Forest","Happy Oak Ranger District  - Happy Camp","Slater Butte","no",4.75947934352009,1.6612845148137
"Dec","Klamath National Forest","Happy Oak Ranger District  - Happy Camp","Slater Butte","yes",0.684776457272213,0.529410185294141
"Dec","Klamath National Forest","Happy Oak Ranger District  - Oak Knoll","Collins Baldy","no",5.61197398114961,1.30030659610849
"Dec","Klamath National Forest","Happy Oak Ranger District  - Oak Knoll","Collins Baldy","yes",1.47218903491305,0.660792343470453
"Dec","Klamath National Forest","Happy Oak Ranger District  - Oak Knoll","Oak Knoll","no",4.46412602860944,1.10506110537582
"Dec","Klamath National Forest","Happy Oak Ranger District  - Oak Knoll","Oak Knoll","yes",2.90207295376438,1.01365061459106
"Dec","Klamath National Forest","Happy Oak Ranger District  - Oak Knoll","Somes Bar","no",3.42741935483871,1.26551248600607
"Dec","Klamath National Forest","Happy Oak Ranger District  - Oak Knoll","Somes Bar","yes",3.0241935483871,1.12011648655918
"Dec","Klamath National Forest","Salmon Scott River Ranger District - Salmon River","Blue Ridge","no",5.29750404933357,1.31206023086892
"Dec","Klamath National Forest","Salmon Scott River Ranger District - Salmon River","Blue Ridge","yes",0.696485373612005,0.40250778550334
"Dec","Klamath National Forest","Salmon Scott River Ranger District - Salmon River","Collins Baldy","no",5.61197398114961,1.30030659610849
"Dec","Klamath National Forest","Salmon Scott River Ranger District - Salmon River","Collins Baldy","yes",1.47218903491305,0.660792343470453
"Dec","Klamath National Forest","Salmon Scott River Ranger District - Salmon River","Sawyers Bar","no",3.05806451612903,1.22307263731951
"Dec","Klamath National Forest","Salmon Scott River Ranger District - Salmon River","Sawyers Bar","yes",2.49677419354839,1.00887240971127
"Dec","Klamath National Forest","Salmon Scott River Ranger District - Salmon River","Somes Bar","no",3.42741935483871,1.26551248600607
"Dec","Klamath National Forest","Salmon Scott River Ranger District - Salmon River","Somes Bar","yes",3.0241935483871,1.12011648655918
"Dec","Klamath National Forest","Salmon Scott River Ranger District - Scott River","Callahan 2","no",3.90433815350389,1.38436471833513
"Dec","Klamath National Forest","Salmon Scott River Ranger District - Scott River","Callahan 2","yes",2.41935483870968,1.36207542596464
"Dec","Klamath National Forest","Salmon Scott River Ranger District - Scott River","Quartz Hill","no",4.6464348371229,1.4759133993914
"Dec","Klamath National Forest","Salmon Scott River Ranger District - Scott River","Quartz Hill","yes",2.17172519730918,1.00500737321805
"Dec","Lake Tahoe Basin","Lake Tahoe Basin","Baron/Markleeville","no",19.3548387096774,1.88883885086813
